Mot;Frequence;Statut
black;26591;NOUVEAU
rich;21433;NOUVEAU
there;18378;NOUVEAU
full;14376;NOUVEAU
fruits;12314;NOUVEAU
cabernet;11999;NOUVEAU
mouth;11828;NOUVEAU
like;11712;NOUVEAU
texture;10787;NOUVEAU
while;10563;NOUVEAU
you;10377;NOUVEAU
pinot;9525;NOUVEAU
long;9017;NOUVEAU
all;9003;NOUVEAU
just;8925;NOUVEAU
sauvignon;8745;NOUVEAU
fine;8360;NOUVEAU
one;8172;NOUVEAU
here;8150;NOUVEAU
will;7934;NOUVEAU
cherries;7877;NOUVEAU
also;7818;NOUVEAU
juicy;7526;NOUVEAU
out;7517;NOUVEAU
mouthfeel;7403;NOUVEAU
into;7384;NOUVEAU
little;7355;NOUVEAU
merlot;7292;NOUVEAU
over;7275;NOUVEAU
than;7172;NOUVEAU
tart;7018;NOUVEAU
creamy;7015;NOUVEAU
flavor;6945;NOUVEAU
great;6896;NOUVEAU
which;6889;NOUVEAU
slightly;6810;NOUVEAU
syrah;6609;NOUVEAU
medium;6605;NOUVEAU
balance;6581;NOUVEAU
chardonnay;6562;NOUVEAU
big;6542;NOUVEAU
easy;6500;NOUVEAU
age;6409;NOUVEAU
delicious;6328;NOUVEAU
dried;6178;NOUVEAU
nice;6088;NOUVEAU
new;6030;NOUVEAU
best;5900;NOUVEAU
still;5895;NOUVEAU
simple;5891;NOUVEAU
aging;5677;NOUVEAU
almost;5659;NOUVEAU
tight;5603;NOUVEAU
finishes;5591;NOUVEAU
pretty;5532;NOUVEAU
give;5514;NOUVEAU
concentrated;5468;NOUVEAU
should;5462;NOUVEAU
solid;5422;NOUVEAU
alcohol;5340;NOUVEAU
imported;5289;NOUVEAU
too;5131;NOUVEAU
young;5082;NOUVEAU
earthy;5073;NOUVEAU
barrel;5025;NOUVEAU
high;5014;NOUVEAU
note;4994;NOUVEAU
yet;4985;NOUVEAU
intense;4942;NOUVEAU
tastes;4827;NOUVEAU
time;4809;NOUVEAU
much;4710;NOUVEAU
wines;4681;NOUVEAU
color;4627;NOUVEAU
along;4622;NOUVEAU
weight;4587;NOUVEAU
off;4587;NOUVEAU
feel;4553;NOUVEAU
complexity;4546;NOUVEAU
noir;4420;NOUVEAU
feels;4401;NOUVEAU
blackberries;4385;NOUVEAU
wild;4330;NOUVEAU
herbs;4289;NOUVEAU
quite;4282;NOUVEAU
plenty;4273;NOUVEAU
pair;4236;NOUVEAU
structured;4180;NOUVEAU
lively;4143;NOUVEAU
showing;4016;NOUVEAU
edge;3998;NOUVEAU
hard;3992;NOUVEAU
cab;3930;NOUVEAU
freshness;3917;NOUVEAU
acids;3893;NOUVEAU
powerful;3882;NOUVEAU
currants;3879;NOUVEAU
delivers;3866;NOUVEAU
seems;3840;NOUVEAU
blanc;3838;NOUVEAU
minerality;3790;NOUVEAU
price;3780;NOUVEAU
sweetness;3758;NOUVEAU
enough;3719;NOUVEAU
even;3675;NOUVEAU
core;3655;NOUVEAU
ready;3624;NOUVEAU
tones;3620;NOUVEAU
next;3588;NOUVEAU
attractive;3578;NOUVEAU
spices;3570;NOUVEAU
although;3532;NOUVEAU
come;3520;NOUVEAU
drinking;3507;NOUVEAU
thick;3498;NOUVEAU
intensity;3490;NOUVEAU
then;3475;NOUVEAU
deep;3465;NOUVEAU
bouquet;3465;NOUVEAU
right;3460;NOUVEAU
would;3431;NOUVEAU
bitter;3428;NOUVEAU
make;3423;NOUVEAU
almond;3422;NOUVEAU
could;3417;NOUVEAU
year;3409;NOUVEAU
quality;3392;NOUVEAU
sharp;3378;NOUVEAU
scents;3341;NOUVEAU
grapes;3330;NOUVEAU
forward;3293;NOUVEAU
baked;3267;NOUVEAU
strong;3262;NOUVEAU
berries;3261;NOUVEAU
followed;3247;NOUVEAU
what;3225;NOUVEAU
exotic;3190;NOUVEAU
after;3173;NOUVEAU
roasted;3171;NOUVEAU
power;3143;NOUVEAU
caramel;3139;NOUVEAU
makes;3129;NOUVEAU
needs;3119;NOUVEAU
comes;3115;NOUVEAU
side;3115;NOUVEAU
oaky;3103;NOUVEAU
way;3090;NOUVEAU
dusty;3081;NOUVEAU
meat;3062;NOUVEAU
blueberry;3059;NOUVEAU
delicate;3058;NOUVEAU
nicely;3025;NOUVEAU
candied;3023;NOUVEAU
jam;2975;NOUVEAU
concentration;2969;NOUVEAU
most;2962;NOUVEAU
few;2952;NOUVEAU
peppery;2940;NOUVEAU
polished;2937;NOUVEAU
warm;2936;NOUVEAU
toasted;2890;NOUVEAU
food;2881;NOUVEAU
layers;2859;NOUVEAU
mix;2859;NOUVEAU
first;2859;NOUVEAU
only;2849;NOUVEAU
lead;2833;NOUVEAU
lean;2806;NOUVEAU
overall;2800;NOUVEAU
aged;2799;NOUVEAU
winery;2787;NOUVEAU
close;2787;NOUVEAU
depth;2784;NOUVEAU
rather;2783;NOUVEAU
franc;2777;NOUVEAU
tangy;2774;NOUVEAU
refreshing;2771;NOUVEAU
elegance;2742;NOUVEAU
yellow;2732;NOUVEAU
taste;2731;NOUVEAU
grape;2727;NOUVEAU
chewy;2719;NOUVEAU
generous;2690;NOUVEAU
sour;2682;NOUVEAU
pie;2673;NOUVEAU
valley;2672;NOUVEAU
offering;2660;NOUVEAU
mature;2654;NOUVEAU
riesling;2640;NOUVEAU
beautiful;2636;NOUVEAU
was;2632;NOUVEAU
lots;2604;NOUVEAU
does;2601;NOUVEAU
old;2593;NOUVEAU
raspberries;2588;NOUVEAU
bold;2585;NOUVEAU
expression;2578;NOUVEAU
lovely;2557;NOUVEAU
pleasant;2538;NOUVEAU
textured;2535;NOUVEAU
classic;2530;NOUVEAU
zesty;2527;NOUVEAU
grilled;2521;NOUVEAU
cellar;2507;NOUVEAU
clove;2486;NOUVEAU
better;2482;NOUVEAU
doesn;2472;NOUVEAU
lightly;2471;NOUVEAU
anise;2469;NOUVEAU
really;2455;NOUVEAU
other;2431;NOUVEAU
body;2426;NOUVEAU
acidic;2412;NOUVEAU
two;2401;NOUVEAU
impressive;2395;NOUVEAU
supple;2386;NOUVEAU
sangiovese;2370;NOUVEAU
aromatic;2361;NOUVEAU
end;2341;NOUVEAU
malbec;2339;NOUVEAU
many;2327;NOUVEAU
bordeaux;2320;NOUVEAU
estate;2316;NOUVEAU
interesting;2299;NOUVEAU
packed;2294;NOUVEAU
though;2287;NOUVEAU
open;2287;NOUVEAU
rustic;2277;NOUVEAU
together;2274;NOUVEAU
zest;2266;NOUVEAU
cool;2265;NOUVEAU
subtle;2261;NOUVEAU
develop;2258;NOUVEAU
giving;2255;NOUVEAU
despite;2253;NOUVEAU
hot;2237;NOUVEAU
vibrant;2234;NOUVEAU
tea;2215;NOUVEAU
about;2211;NOUVEAU
both;2209;NOUVEAU
they;2181;NOUVEAU
backed;2153;NOUVEAU
those;2149;NOUVEAU
adds;2144;NOUVEAU
alongside;2117;NOUVEAU
velvety;2112;NOUVEAU
buttered;2107;NOUVEAU
aftertaste;2101;NOUVEAU
varietal;2086;NOUVEAU
down;2083;NOUVEAU
accents;2078;NOUVEAU
crushed;2061;NOUVEAU
without;2061;NOUVEAU
rounded;2056;NOUVEAU
get;2056;NOUVEAU
plums;2035;NOUVEAU
perfumed;2031;NOUVEAU
cranberry;2030;NOUVEAU
excellent;2017;NOUVEAU
sample;2015;NOUVEAU
driven;2009;NOUVEAU
candy;2007;NOUVEAU
length;1967;NOUVEAU
layered;1962;NOUVEAU
flower;1959;NOUVEAU
flowers;1956;NOUVEAU
apples;1956;NOUVEAU
fairly;1956;NOUVEAU
based;1954;NOUVEAU
lingering;1950;NOUVEAU
short;1943;NOUVEAU
add;1939;NOUVEAU
back;1926;NOUVEAU
beautifully;1921;NOUVEAU
another;1914;NOUVEAU
accented;1906;NOUVEAU
espresso;1900;NOUVEAU
brings;1898;NOUVEAU
top;1891;NOUVEAU
grenache;1883;NOUVEAU
variety;1881;NOUVEAU
olive;1877;NOUVEAU
somewhat;1870;NOUVEAU
find;1868;NOUVEAU
least;1858;NOUVEAU
lot;1830;NOUVEAU
citrusy;1830;NOUVEAU
your;1828;NOUVEAU
french;1826;NOUVEAU
opulent;1824;NOUVEAU
prune;1804;NOUVEAU
brisk;1796;NOUVEAU
fragrant;1793;NOUVEAU
bacon;1793;NOUVEAU
starts;1790;NOUVEAU
integrated;1788;NOUVEAU
value;1783;NOUVEAU
plump;1781;NOUVEAU
juice;1774;NOUVEAU
months;1773;NOUVEAU
perfect;1771;NOUVEAU
friendly;1767;NOUVEAU
tannin;1758;NOUVEAU
flavored;1755;NOUVEAU
ripeness;1755;NOUVEAU
zin;1755;NOUVEAU
vineyards;1743;NOUVEAU
tangerine;1737;NOUVEAU
finishing;1735;NOUVEAU
thin;1731;NOUVEAU
before;1726;NOUVEAU
smells;1720;NOUVEAU
been;1714;NOUVEAU
skin;1707;NOUVEAU
chunky;1697;NOUVEAU
around;1694;NOUVEAU
viognier;1690;NOUVEAU
may;1689;NOUVEAU
bone;1688;NOUVEAU
peaches;1678;NOUVEAU
wrapped;1663;NOUVEAU
same;1648;NOUVEAU
tough;1634;NOUVEAU
modern;1626;NOUVEAU
cut;1619;NOUVEAU
forest;1612;NOUVEAU
honeysuckle;1606;NOUVEAU
california;1606;NOUVEAU
being;1599;NOUVEAU
five;1595;NOUVEAU
features;1594;NOUVEAU
vines;1581;NOUVEAU
minerally;1580;NOUVEAU
beef;1580;NOUVEAU
try;1579;NOUVEAU
extra;1575;NOUVEAU
tomato;1574;NOUVEAU
everyday;1569;NOUVEAU
heat;1567;NOUVEAU
between;1565;NOUVEAU
already;1562;NOUVEAU
sandalwood;1561;NOUVEAU
pink;1543;NOUVEAU
dishes;1534;NOUVEAU
meaty;1524;NOUVEAU
boasts;1517;NOUVEAU
zinfandel;1517;NOUVEAU
going;1515;NOUVEAU
hold;1514;NOUVEAU
natural;1506;NOUVEAU
appealing;1505;NOUVEAU
density;1501;NOUVEAU
raisin;1497;NOUVEAU
petit;1496;NOUVEAU
produced;1494;NOUVEAU
less;1481;NOUVEAU
mild;1480;NOUVEAU
peel;1474;NOUVEAU
modest;1464;NOUVEAU
plush;1463;NOUVEAU
astringent;1463;NOUVEAU
making;1457;NOUVEAU
front;1454;NOUVEAU
racy;1449;NOUVEAU
verdot;1443;NOUVEAU
low;1443;NOUVEAU
honeyed;1437;NOUVEAU
leaf;1433;NOUVEAU
wet;1428;NOUVEAU
chard;1427;NOUVEAU
napa;1426;NOUVEAU
potential;1423;NOUVEAU
cases;1418;NOUVEAU
element;1417;NOUVEAU
keep;1416;NOUVEAU
across;1407;NOUVEAU
their;1396;NOUVEAU
final;1395;NOUVEAU
raw;1391;NOUVEAU
extracted;1391;NOUVEAU
shiraz;1386;NOUVEAU
turns;1384;NOUVEAU
nectarine;1383;NOUVEAU
lacks;1380;NOUVEAU
smoked;1370;NOUVEAU
where;1363;NOUVEAU
winemaker;1356;NOUVEAU
streak;1355;NOUVEAU
loads;1349;NOUVEAU
drying;1348;NOUVEAU
nuances;1344;NOUVEAU
basic;1340;NOUVEAU
tasty;1335;NOUVEAU
certainly;1332;NOUVEAU
seem;1328;NOUVEAU
grown;1311;NOUVEAU
dryness;1309;NOUVEAU
elements;1307;NOUVEAU
fig;1298;NOUVEAU
don;1298;NOUVEAU
mango;1295;NOUVEAU
pears;1294;NOUVEAU
enjoy;1293;NOUVEAU
small;1289;NOUVEAU
toward;1286;NOUVEAU
loaded;1282;NOUVEAU
might;1281;NOUVEAU
fermented;1276;NOUVEAU
compact;1273;NOUVEAU
any;1270;NOUVEAU
level;1269;NOUVEAU
effort;1268;NOUVEAU
because;1267;NOUVEAU
dessert;1263;NOUVEAU
broad;1261;NOUVEAU
gentle;1260;NOUVEAU
midpalate;1255;NOUVEAU
petite;1255;NOUVEAU
focused;1253;NOUVEAU
finely;1250;NOUVEAU
slight;1247;NOUVEAU
filling;1247;NOUVEAU
milk;1245;NOUVEAU
aroma;1245;NOUVEAU
steak;1245;NOUVEAU
butterscotch;1243;NOUVEAU
banana;1241;NOUVEAU
dominate;1239;NOUVEAU
touches;1239;NOUVEAU
dominated;1239;NOUVEAU
single;1235;NOUVEAU
burnt;1234;NOUVEAU
baking;1233;NOUVEAU
crispness;1231;NOUVEAU
such;1228;NOUVEAU
three;1224;NOUVEAU
drinkable;1224;NOUVEAU
mountain;1220;NOUVEAU
luscious;1217;NOUVEAU
blossom;1211;NOUVEAU
sauce;1211;NOUVEAU
take;1211;NOUVEAU
minty;1207;NOUVEAU
until;1203;NOUVEAU
sugary;1196;NOUVEAU
coconut;1192;NOUVEAU
buttery;1188;NOUVEAU
pineapples;1188;NOUVEAU
six;1187;NOUVEAU
approachable;1182;NOUVEAU
serious;1180;NOUVEAU
golden;1176;NOUVEAU
screwcap;1175;NOUVEAU
especially;1170;NOUVEAU
set;1169;NOUVEAU
lemony;1164;NOUVEAU
tar;1164;NOUVEAU
thanks;1160;NOUVEAU
sirah;1159;NOUVEAU
suggest;1153;NOUVEAU
asian;1153;NOUVEAU
under;1152;NOUVEAU
rough;1149;NOUVEAU
always;1148;NOUVEAU
personality;1148;NOUVEAU
appeal;1148;NOUVEAU
tasting;1147;NOUVEAU
spiced;1145;NOUVEAU
fully;1145;NOUVEAU
residual;1143;NOUVEAU
violet;1143;NOUVEAU
region;1141;NOUVEAU
straightforward;1134;NOUVEAU
isn;1130;NOUVEAU
climate;1128;NOUVEAU
ample;1128;NOUVEAU
real;1124;NOUVEAU
leaves;1121;NOUVEAU
fleshy;1119;NOUVEAU
fruitiness;1119;NOUVEAU
steely;1114;NOUVEAU
perfectly;1114;NOUVEAU
mushroom;1110;NOUVEAU
succulent;1107;NOUVEAU
italy;1106;NOUVEAU
suggests;1106;NOUVEAU
leathery;1102;NOUVEAU
austere;1100;NOUVEAU
profile;1094;NOUVEAU
easily;1091;NOUVEAU
soften;1088;NOUVEAU
impression;1085;NOUVEAU
bitterness;1079;NOUVEAU
brown;1077;NOUVEAU
barbera;1076;NOUVEAU
start;1063;NOUVEAU
blue;1060;NOUVEAU
marked;1060;NOUVEAU
chocolaty;1059;NOUVEAU
minerals;1058;NOUVEAU
whole;1058;NOUVEAU
sparkling;1055;NOUVEAU
richly;1055;NOUVEAU
mixed;1055;NOUVEAU
layer;1053;NOUVEAU
whiff;1050;NOUVEAU
throughout;1050;NOUVEAU
example;1046;NOUVEAU
nut;1044;NOUVEAU
sense;1043;NOUVEAU
point;1040;NOUVEAU
rubbery;1040;NOUVEAU
softly;1039;NOUVEAU
bean;1033;NOUVEAU
carry;1033;NOUVEAU
decent;1032;NOUVEAU
given;1029;NOUVEAU
rubber;1025;NOUVEAU
sophisticated;1023;NOUVEAU
pasta;1022;NOUVEAU
gets;1019;NOUVEAU
keeps;1018;NOUVEAU
apricots;1013;NOUVEAU
appellation;1009;NOUVEAU
violets;1009;NOUVEAU
summer;1008;NOUVEAU
leafy;1006;NOUVEAU
several;1005;NOUVEAU
flat;1005;NOUVEAU
mark;998;NOUVEAU
snappy;997;NOUVEAU
own;994;NOUVEAU
syrupy;992;NOUVEAU
bite;991;NOUVEAU
true;989;NOUVEAU
intensely;988;NOUVEAU
want;987;NOUVEAU
mouthwatering;983;NOUVEAU
gorgeous;979;NOUVEAU
pleasing;978;NOUVEAU
four;977;NOUVEAU
typical;975;NOUVEAU
background;974;NOUVEAU
smelling;974;NOUVEAU
lasting;971;NOUVEAU
need;970;NOUVEAU
satisfying;968;NOUVEAU
soon;966;NOUVEAU
meats;965;NOUVEAU
plus;962;NOUVEAU
youthful;961;NOUVEAU
menthol;954;NOUVEAU
super;954;NOUVEAU
quickly;954;NOUVEAU
probably;954;NOUVEAU
sage;953;NOUVEAU
flavorful;950;NOUVEAU
fat;949;NOUVEAU
selection;946;NOUVEAU
taut;945;NOUVEAU
away;944;NOUVEAU
colored;940;NOUVEAU
something;937;NOUVEAU
were;936;NOUVEAU
barbecue;935;NOUVEAU
grassy;933;NOUVEAU
kind;932;NOUVEAU
blended;931;NOUVEAU
definitely;930;NOUVEAU
pomegranate;929;NOUVEAU
overripe;929;NOUVEAU
raisiny;927;NOUVEAU
reserve;924;NOUVEAU
cheese;921;NOUVEAU
nothing;921;NOUVEAU
purple;920;NOUVEAU
chalky;917;NOUVEAU
worth;916;NOUVEAU
who;912;NOUVEAU
lift;910;NOUVEAU
lighter;907;NOUVEAU
wonderful;906;NOUVEAU
brunello;905;NOUVEAU
line;904;NOUVEAU
stage;902;NOUVEAU
softness;902;NOUVEAU
limes;901;NOUVEAU
when;901;NOUVEAU
huge;898;NOUVEAU
rhubarb;896;NOUVEAU
fare;896;NOUVEAU
tempranillo;895;NOUVEAU
itself;895;NOUVEAU
sourced;895;NOUVEAU
vegetal;895;NOUVEAU
passion;895;NOUVEAU
tightly;894;NOUVEAU
root;894;NOUVEAU
provide;893;NOUVEAU
leading;893;NOUVEAU
producer;892;NOUVEAU
against;889;NOUVEAU
result;889;NOUVEAU
family;888;NOUVEAU
immediately;887;NOUVEAU
kiwi;885;NOUVEAU
expect;884;NOUVEAU
form;881;NOUVEAU
carries;879;NOUVEAU
brambly;878;NOUVEAU
label;878;NOUVEAU
deliciously;877;NOUVEAU
moderate;876;NOUVEAU
varieties;874;NOUVEAU
part;874;NOUVEAU
lychee;873;NOUVEAU
nutty;867;NOUVEAU
name;867;NOUVEAU
mostly;867;NOUVEAU
rind;866;NOUVEAU
nutmeg;866;NOUVEAU
cured;865;NOUVEAU
range;864;NOUVEAU
robust;861;NOUVEAU
adding;859;NOUVEAU
work;857;NOUVEAU
vintages;857;NOUVEAU
mildly;856;NOUVEAU
woody;855;NOUVEAU
offer;854;NOUVEAU
imports;854;NOUVEAU
skins;853;NOUVEAU
ruby;853;NOUVEAU
relatively;853;NOUVEAU
term;852;NOUVEAU
things;851;NOUVEAU
maybe;843;NOUVEAU
oily;841;NOUVEAU
easygoing;841;NOUVEAU
prosecco;841;NOUVEAU
accent;840;NOUVEAU
liqueur;840;NOUVEAU
charred;839;NOUVEAU
graphite;838;NOUVEAU
gritty;837;NOUVEAU
medicinal;836;NOUVEAU
boysenberry;833;NOUVEAU
sip;833;NOUVEAU
world;830;NOUVEAU
these;829;NOUVEAU
direct;828;NOUVEAU
hearty;825;NOUVEAU
likely;824;NOUVEAU
focus;823;NOUVEAU
remains;821;NOUVEAU
improve;817;NOUVEAU
chicken;817;NOUVEAU
firmly;816;NOUVEAU
unusual;814;NOUVEAU
generic;812;NOUVEAU
everything;811;NOUVEAU
lamb;808;NOUVEAU
far;808;NOUVEAU
priced;807;NOUVEAU
late;807;NOUVEAU
foods;806;NOUVEAU
washington;806;NOUVEAU
barrels;805;NOUVEAU
last;802;NOUVEAU
richer;801;NOUVEAU
include;800;NOUVEAU
char;800;NOUVEAU
oaked;798;NOUVEAU
known;798;NOUVEAU
steel;798;NOUVEAU
coming;797;NOUVEAU
production;797;NOUVEAU
standard;796;NOUVEAU
however;795;NOUVEAU
finesse;791;NOUVEAU
highlights;791;NOUVEAU
underlying;790;NOUVEAU
bring;786;NOUVEAU
mellow;784;NOUVEAU
otherwise;784;NOUVEAU
ends;783;NOUVEAU
different;778;NOUVEAU
stalky;778;NOUVEAU
restrained;777;NOUVEAU
suggesting;776;NOUVEAU
astringency;773;NOUVEAU
gooseberry;772;NOUVEAU
sparkler;772;NOUVEAU
laced;772;NOUVEAU
meyer;770;NOUVEAU
framed;768;NOUVEAU
port;768;NOUVEAU
dominant;767;NOUVEAU
overly;766;NOUVEAU
neutral;762;NOUVEAU
lifted;761;NOUVEAU
never;761;NOUVEAU
goes;756;NOUVEAU
leaving;755;NOUVEAU
extremely;753;NOUVEAU
once;752;NOUVEAU
bracing;751;NOUVEAU
past;751;NOUVEAU
gris;750;NOUVEAU
inviting;749;NOUVEAU
surprisingly;749;NOUVEAU
barolo;747;NOUVEAU
early;746;NOUVEAU
stewed;746;NOUVEAU
ginger;746;NOUVEAU
distinctive;746;NOUVEAU
briary;746;NOUVEAU
feeling;745;NOUVEAU
saturated;742;NOUVEAU
purity;742;NOUVEAU
run;739;NOUVEAU
beyond;738;NOUVEAU
grigio;736;NOUVEAU
grip;735;NOUVEAU
southern;735;NOUVEAU
unique;735;NOUVEAU
displays;734;NOUVEAU
perhaps;734;NOUVEAU
behind;734;NOUVEAU
yeasty;732;NOUVEAU
inky;732;NOUVEAU
pleasure;731;NOUVEAU
herbaceous;724;NOUVEAU
second;723;NOUVEAU
pairing;722;NOUVEAU
burst;721;NOUVEAU
pale;721;NOUVEAU
beer;721;NOUVEAU
terms;718;NOUVEAU
how;717;NOUVEAU
use;715;NOUVEAU
provides;715;NOUVEAU
enjoyable;714;NOUVEAU
floor;714;NOUVEAU
raisins;713;NOUVEAU
match;712;NOUVEAU
infused;711;NOUVEAU
intriguing;710;NOUVEAU
particularly;710;NOUVEAU
cru;708;NOUVEAU
papaya;707;NOUVEAU
wonderfully;705;NOUVEAU
emerge;703;NOUVEAU
leads;703;NOUVEAU
linear;702;NOUVEAU
near;699;NOUVEAU
sort;699;NOUVEAU
game;696;NOUVEAU
pungent;694;NOUVEAU
lees;693;NOUVEAU
ground;693;NOUVEAU
italian;691;NOUVEAU
caramelized;688;NOUVEAU
lemons;687;NOUVEAU
linger;684;NOUVEAU
edges;683;NOUVEAU
hits;682;NOUVEAU
entirely;682;NOUVEAU
tang;682;NOUVEAU
waves;681;NOUVEAU
decade;680;NOUVEAU
elegantly;679;NOUVEAU
penetrating;678;NOUVEAU
luminous;677;NOUVEAU
nero;677;NOUVEAU
pithy;676;NOUVEAU
takes;676;NOUVEAU
help;674;NOUVEAU
dimensional;673;NOUVEAU
complete;671;NOUVEAU
tinged;671;NOUVEAU
defined;670;NOUVEAU
substantial;669;NOUVEAU
regular;668;NOUVEAU
balancing;667;NOUVEAU
sturdy;666;NOUVEAU
opening;665;NOUVEAU
release;665;NOUVEAU
traditional;665;NOUVEAU
totally;665;NOUVEAU
half;664;NOUVEAU
blast;664;NOUVEAU
upfront;663;NOUVEAU
interest;663;NOUVEAU
stand;662;NOUVEAU
funky;662;NOUVEAU
bramble;661;NOUVEAU
considerable;660;NOUVEAU
central;660;NOUVEAU
syrup;659;NOUVEAU
done;658;NOUVEAU
pork;658;NOUVEAU
riserva;657;NOUVEAU
seafood;655;NOUVEAU
filled;654;NOUVEAU
harsh;653;NOUVEAU
freshly;652;NOUVEAU
turn;650;NOUVEAU
blends;648;NOUVEAU
shadings;648;NOUVEAU
massive;647;NOUVEAU
soil;647;NOUVEAU
persistent;647;NOUVEAU
stainless;646;NOUVEAU
decant;645;NOUVEAU
superripe;645;NOUVEAU
whose;644;NOUVEAU
frame;643;NOUVEAU
tasted;641;NOUVEAU
grabby;640;NOUVEAU
backbone;640;NOUVEAU
fish;640;NOUVEAU
center;640;NOUVEAU
lacking;639;NOUVEAU
touched;638;NOUVEAU
stylish;638;NOUVEAU
star;637;NOUVEAU
healthy;637;NOUVEAU
entry;636;NOUVEAU
amount;636;NOUVEAU
pine;634;NOUVEAU
tonic;634;NOUVEAU
play;632;NOUVEAU
stony;630;NOUVEAU
citric;630;NOUVEAU
cake;629;NOUVEAU
further;628;NOUVEAU
nuts;628;NOUVEAU
tongue;627;NOUVEAU
fermentation;626;NOUVEAU
weighty;626;NOUVEAU
framing;625;NOUVEAU
aggressive;623;NOUVEAU
choice;623;NOUVEAU
edgy;623;NOUVEAU
combination;622;NOUVEAU
pressed;622;NOUVEAU
sheer;622;NOUVEAU
let;621;NOUVEAU
santa;618;NOUVEAU
ever;617;NOUVEAU
cellaring;616;NOUVEAU
dominates;616;NOUVEAU
strawberries;616;NOUVEAU
lingers;614;NOUVEAU
characteristics;612;NOUVEAU
among;611;NOUVEAU
river;611;NOUVEAU
accessible;611;NOUVEAU
closed;605;NOUVEAU
his;604;NOUVEAU
resin;603;NOUVEAU
kick;601;NOUVEAU
deeply;599;NOUVEAU
includes;599;NOUVEAU
due;599;NOUVEAU
brooding;598;NOUVEAU
middle;597;NOUVEAU
custard;597;NOUVEAU
thyme;596;NOUVEAU
added;596;NOUVEAU
primary;595;NOUVEAU
blueberries;593;NOUVEAU
similar;593;NOUVEAU
creek;592;NOUVEAU
preserves;592;NOUVEAU
brightened;590;NOUVEAU
cooked;590;NOUVEAU
qualities;590;NOUVEAU
toned;589;NOUVEAU
them;589;NOUVEAU
benefit;588;NOUVEAU
winemaking;587;NOUVEAU
seductive;585;NOUVEAU
table;585;NOUVEAU
base;585;NOUVEAU
crafted;584;NOUVEAU
usa;584;NOUVEAU
strongly;582;NOUVEAU
decanting;582;NOUVEAU
marmalade;581;NOUVEAU
riper;580;NOUVEAU
class;579;NOUVEAU
coastal;579;NOUVEAU
almonds;578;NOUVEAU
inc;578;NOUVEAU
combine;577;NOUVEAU
version;577;NOUVEAU
support;576;NOUVEAU
fun;576;NOUVEAU
rock;576;NOUVEAU
county;576;NOUVEAU
hay;574;NOUVEAU
hills;573;NOUVEAU
sure;573;NOUVEAU
streaks;571;NOUVEAU
higher;569;NOUVEAU
expressive;568;NOUVEAU
often;568;NOUVEAU
sipper;568;NOUVEAU
moderately;567;NOUVEAU
got;567;NOUVEAU
assertive;566;NOUVEAU
scented;566;NOUVEAU
molasses;565;NOUVEAU
initially;565;NOUVEAU
fans;564;NOUVEAU
indian;563;NOUVEAU
perfume;562;NOUVEAU
airing;561;NOUVEAU
champagne;561;NOUVEAU
northern;560;NOUVEAU
fact;560;NOUVEAU
melted;560;NOUVEAU
flesh;558;NOUVEAU
love;558;NOUVEAU
pinots;558;NOUVEAU
bell;557;NOUVEAU
muscular;557;NOUVEAU
american;555;NOUVEAU
every;554;NOUVEAU
warmth;553;NOUVEAU
vivid;553;NOUVEAU
additional;552;NOUVEAU
appear;552;NOUVEAU
instead;551;NOUVEAU
grained;550;NOUVEAU
balsamic;549;NOUVEAU
buy;549;NOUVEAU
combines;548;NOUVEAU
continues;547;NOUVEAU
slowly;547;NOUVEAU
terroir;547;NOUVEAU
pastry;546;NOUVEAU
spring;545;NOUVEAU
keeping;544;NOUVEAU
aromatics;543;NOUVEAU
hit;543;NOUVEAU
follow;543;NOUVEAU
yeast;542;NOUVEAU
harmony;542;NOUVEAU
immediate;540;NOUVEAU
job;539;NOUVEAU
plummy;537;NOUVEAU
bursting;535;NOUVEAU
youth;535;NOUVEAU
drop;534;NOUVEAU
influence;533;NOUVEAU
obvious;531;NOUVEAU
including;530;NOUVEAU
drinks;530;NOUVEAU
botrytis;530;NOUVEAU
built;530;NOUVEAU
reds;529;NOUVEAU
walla;527;NOUVEAU
amarone;527;NOUVEAU
powder;526;NOUVEAU
limited;526;NOUVEAU
chianti;526;NOUVEAU
case;524;NOUVEAU
salmon;523;NOUVEAU
cheeses;523;NOUVEAU
oregon;522;NOUVEAU
rugged;522;NOUVEAU
roast;521;NOUVEAU
petal;521;NOUVEAU
moist;521;NOUVEAU
sticky;520;NOUVEAU
proper;519;NOUVEAU
redolent;518;NOUVEAU
popcorn;518;NOUVEAU
reveals;517;NOUVEAU
mouthfilling;517;NOUVEAU
think;517;NOUVEAU
nearly;516;NOUVEAU
holds;515;NOUVEAU
present;514;NOUVEAU
lavender;513;NOUVEAU
resiny;513;NOUVEAU
classico;513;NOUVEAU
chopped;512;NOUVEAU
expensive;511;NOUVEAU
essence;510;NOUVEAU
sonoma;510;NOUVEAU
produce;510;NOUVEAU
enticing;509;NOUVEAU
compelling;508;NOUVEAU
informal;508;NOUVEAU
brut;507;NOUVEAU
subdued;507;NOUVEAU
rest;507;NOUVEAU
gold;506;NOUVEAU
pencil;506;NOUVEAU
dimension;506;NOUVEAU
couple;505;NOUVEAU
ham;505;NOUVEAU
runs;504;NOUVEAU
place;504;NOUVEAU
pizza;504;NOUVEAU
heft;504;NOUVEAU
future;503;NOUVEAU
figs;503;NOUVEAU
softer;503;NOUVEAU
nature;500;NOUVEAU
found;500;NOUVEAU
cigar;499;NOUVEAU
avola;499;NOUVEAU
bad;499;NOUVEAU
rioja;498;NOUVEAU
ager;498;NOUVEAU
bread;496;NOUVEAU
evident;496;NOUVEAU
cloying;495;NOUVEAU
closes;494;NOUVEAU
earthiness;494;NOUVEAU
velvet;493;NOUVEAU
coast;493;NOUVEAU
won;492;NOUVEAU
south;491;NOUVEAU
sweetly;491;NOUVEAU
stemmy;490;NOUVEAU
supported;489;NOUVEAU
array;489;NOUVEAU
classy;489;NOUVEAU
salty;488;NOUVEAU
component;488;NOUVEAU
harmonious;488;NOUVEAU
parts;487;NOUVEAU
balances;487;NOUVEAU
potent;487;NOUVEAU
fudge;486;NOUVEAU
enhanced;486;NOUVEAU
lend;486;NOUVEAU
air;486;NOUVEAU
used;486;NOUVEAU
enormously;484;NOUVEAU
score;482;NOUVEAU
honeydew;482;NOUVEAU
rare;481;NOUVEAU
above;481;NOUVEAU
wide;480;NOUVEAU
salad;480;NOUVEAU
longer;480;NOUVEAU
drunk;479;NOUVEAU
mingle;479;NOUVEAU
brilliant;479;NOUVEAU
flashy;478;NOUVEAU
opulence;477;NOUVEAU
appearance;476;NOUVEAU
within;473;NOUVEAU
dull;473;NOUVEAU
creaminess;473;NOUVEAU
oranges;472;NOUVEAU
mid;472;NOUVEAU
pleasantly;472;NOUVEAU
decadent;472;NOUVEAU
exhibits;472;NOUVEAU
area;470;NOUVEAU
awkward;470;NOUVEAU
tartness;469;NOUVEAU
toffee;467;NOUVEAU
oil;467;NOUVEAU
finished;465;NOUVEAU
each;465;NOUVEAU
country;465;NOUVEAU
garnacha;464;NOUVEAU
call;463;NOUVEAU
see;463;NOUVEAU
lack;463;NOUVEAU
fade;463;NOUVEAU
cabs;463;NOUVEAU
difficult;462;NOUVEAU
ripened;462;NOUVEAU
extraction;462;NOUVEAU
heady;461;NOUVEAU
pith;461;NOUVEAU
likeable;461;NOUVEAU
chenin;460;NOUVEAU
coating;460;NOUVEAU
eucalyptus;459;NOUVEAU
popular;459;NOUVEAU
tuscany;458;NOUVEAU
offset;456;NOUVEAU
certain;456;NOUVEAU
look;455;NOUVEAU
jasmine;454;NOUVEAU
simply;454;NOUVEAU
bubbly;454;NOUVEAU
overtones;454;NOUVEAU
nuance;453;NOUVEAU
densely;453;NOUVEAU
cleansing;452;NOUVEAU
wait;451;NOUVEAU
cracker;451;NOUVEAU
create;451;NOUVEAU
reminiscent;450;NOUVEAU
roussanne;450;NOUVEAU
anything;450;NOUVEAU
package;450;NOUVEAU
narrow;449;NOUVEAU
promise;448;NOUVEAU
truffle;448;NOUVEAU
vine;448;NOUVEAU
scent;447;NOUVEAU
onto;447;NOUVEAU
marks;447;NOUVEAU
reveal;446;NOUVEAU
distinct;445;NOUVEAU
special;444;NOUVEAU
planted;444;NOUVEAU
barely;444;NOUVEAU
consistency;443;NOUVEAU
leesy;442;NOUVEAU
pipe;442;NOUVEAU
petrol;441;NOUVEAU
delicately;440;NOUVEAU
size;440;NOUVEAU
edged;440;NOUVEAU
angular;440;NOUVEAU
pristine;440;NOUVEAU
nebbiolo;438;NOUVEAU
chilean;438;NOUVEAU
tuscan;437;NOUVEAU
cuts;436;NOUVEAU
wound;436;NOUVEAU
consistent;436;NOUVEAU
addition;434;NOUVEAU
put;433;NOUVEAU
stuff;432;NOUVEAU
streamlined;431;NOUVEAU
ltd;430;NOUVEAU
life;429;NOUVEAU
barnyard;429;NOUVEAU
polish;429;NOUVEAU
say;429;NOUVEAU
fill;427;NOUVEAU
ripasso;427;NOUVEAU
had;426;NOUVEAU
why;426;NOUVEAU
tiny;425;NOUVEAU
chalk;425;NOUVEAU
shy;424;NOUVEAU
greater;424;NOUVEAU
underneath;423;NOUVEAU
watery;421;NOUVEAU
bringing;420;NOUVEAU
characteristic;420;NOUVEAU
serve;420;NOUVEAU
charm;420;NOUVEAU
clear;419;NOUVEAU
nuanced;419;NOUVEAU
unripe;419;NOUVEAU
sun;417;NOUVEAU
paso;417;NOUVEAU
waxy;417;NOUVEAU
textbook;417;NOUVEAU
crisply;417;NOUVEAU
mainly;417;NOUVEAU
attractively;416;NOUVEAU
retains;416;NOUVEAU
dominating;416;NOUVEAU
approach;416;NOUVEAU
dill;415;NOUVEAU
juiciness;415;NOUVEAU
prominent;414;NOUVEAU
lightweight;414;NOUVEAU
lusty;414;NOUVEAU
completely;413;NOUVEAU
impressively;413;NOUVEAU
again;413;NOUVEAU
ending;412;NOUVEAU
feminine;412;NOUVEAU
drier;410;NOUVEAU
pronounced;410;NOUVEAU
terrific;409;NOUVEAU
jelly;409;NOUVEAU
native;409;NOUVEAU
quince;409;NOUVEAU
lends;408;NOUVEAU
extract;408;NOUVEAU
sharpness;408;NOUVEAU
cheerful;407;NOUVEAU
heart;406;NOUVEAU
means;405;NOUVEAU
components;405;NOUVEAU
initial;404;NOUVEAU
estates;404;NOUVEAU
ageworthy;403;NOUVEAU
sweeter;403;NOUVEAU
continue;403;NOUVEAU
mouthful;403;NOUVEAU
enormous;403;NOUVEAU
heavily;402;NOUVEAU
balsam;402;NOUVEAU
fair;402;NOUVEAU
cocktail;402;NOUVEAU
cold;400;NOUVEAU
rosemary;399;NOUVEAU
mushrooms;399;NOUVEAU
textural;399;NOUVEAU
thing;399;NOUVEAU
main;398;NOUVEAU
versatile;397;NOUVEAU
tone;396;NOUVEAU
box;395;NOUVEAU
beginning;395;NOUVEAU
companion;395;NOUVEAU
iron;392;NOUVEAU
affordable;392;NOUVEAU
works;391;NOUVEAU
maturity;391;NOUVEAU
punch;390;NOUVEAU
burn;390;NOUVEAU
developing;387;NOUVEAU
underbrush;387;NOUVEAU
carob;387;NOUVEAU
falls;387;NOUVEAU
recall;386;NOUVEAU
large;385;NOUVEAU
darker;385;NOUVEAU
grace;384;NOUVEAU
petals;384;NOUVEAU
important;384;NOUVEAU
poised;383;NOUVEAU
fennel;380;NOUVEAU
briny;378;NOUVEAU
turning;378;NOUVEAU
suggestion;378;NOUVEAU
wave;378;NOUVEAU
superb;376;NOUVEAU
zippy;375;NOUVEAU
fruited;375;NOUVEAU
hazelnut;374;NOUVEAU
produces;374;NOUVEAU
equal;374;NOUVEAU
bottlings;373;NOUVEAU
success;373;NOUVEAU
peppercorn;372;NOUVEAU
home;371;NOUVEAU
guava;371;NOUVEAU
porty;371;NOUVEAU
highly;370;NOUVEAU
equally;370;NOUVEAU
flamboyant;370;NOUVEAU
previous;369;NOUVEAU
defines;368;NOUVEAU
fades;368;NOUVEAU
leave;367;NOUVEAU
chablis;367;NOUVEAU
grippy;367;NOUVEAU
paste;367;NOUVEAU
characterize;367;NOUVEAU
evolve;367;NOUVEAU
supporting;366;NOUVEAU
exuberant;366;NOUVEAU
successful;366;NOUVEAU
quick;366;NOUVEAU
correct;366;NOUVEAU
bay;365;NOUVEAU
unctuous;365;NOUVEAU
shellfish;365;NOUVEAU
chardonnays;365;NOUVEAU
thoroughly;363;NOUVEAU
nonetheless;363;NOUVEAU
lemongrass;362;NOUVEAU
released;362;NOUVEAU
ageability;362;NOUVEAU
spanish;361;NOUVEAU
unoaked;361;NOUVEAU
maple;360;NOUVEAU
prickly;360;NOUVEAU
laden;360;NOUVEAU
helps;360;NOUVEAU
third;359;NOUVEAU
owned;358;NOUVEAU
straight;358;NOUVEAU
hinting;357;NOUVEAU
dust;357;NOUVEAU
become;357;NOUVEAU
composed;357;NOUVEAU
stands;357;NOUVEAU
bark;357;NOUVEAU
moment;356;NOUVEAU
later;356;NOUVEAU
results;356;NOUVEAU
peachy;355;NOUVEAU
reasonably;355;NOUVEAU
hours;355;NOUVEAU
upon;354;NOUVEAU
welcome;354;NOUVEAU
points;353;NOUVEAU
grand;353;NOUVEAU
sleek;353;NOUVEAU
sets;353;NOUVEAU
ultimately;353;NOUVEAU
extreme;352;NOUVEAU
promises;352;NOUVEAU
hand;352;NOUVEAU
brawny;351;NOUVEAU
sweaty;351;NOUVEAU
rosso;351;NOUVEAU
common;350;NOUVEAU
suggestions;349;NOUVEAU
soda;349;NOUVEAU
harvest;348;NOUVEAU
knit;347;NOUVEAU
block;346;NOUVEAU
asparagus;346;NOUVEAU
sappy;346;NOUVEAU
masculine;346;NOUVEAU
manages;345;NOUVEAU
faint;345;NOUVEAU
follows;345;NOUVEAU
dramatic;345;NOUVEAU
partner;345;NOUVEAU
splash;344;NOUVEAU
complexities;344;NOUVEAU
prunes;344;NOUVEAU
dash;343;NOUVEAU
hill;343;NOUVEAU
marlborough;343;NOUVEAU
alluring;342;NOUVEAU
viscous;342;NOUVEAU
except;342;NOUVEAU
saint;341;NOUVEAU
exceptional;340;NOUVEAU
mind;340;NOUVEAU
covered;339;NOUVEAU
blending;339;NOUVEAU
bursts;339;NOUVEAU
detailed;338;NOUVEAU
absolutely;337;NOUVEAU
notable;335;NOUVEAU
tree;334;NOUVEAU
international;334;NOUVEAU
sicily;334;NOUVEAU
key;333;NOUVEAU
usual;333;NOUVEAU
bargain;333;NOUVEAU
presents;332;NOUVEAU
precise;332;NOUVEAU
gently;332;NOUVEAU
shape;332;NOUVEAU
tangerines;332;NOUVEAU
charming;331;NOUVEAU
organic;331;NOUVEAU
wealth;331;NOUVEAU
scour;331;NOUVEAU
brand;329;NOUVEAU
organically;329;NOUVEAU
eight;329;NOUVEAU
russian;328;NOUVEAU
montepulciano;328;NOUVEAU
farmed;327;NOUVEAU
carneros;327;NOUVEAU
sound;327;NOUVEAU
lightness;326;NOUVEAU
roundness;326;NOUVEAU
whiffs;325;NOUVEAU
chile;325;NOUVEAU
usually;324;NOUVEAU
others;322;NOUVEAU
sophistication;322;NOUVEAU
mediterranean;322;NOUVEAU
voluptuous;322;NOUVEAU
north;322;NOUVEAU
appetizers;322;NOUVEAU
asphalt;321;NOUVEAU
promising;321;NOUVEAU
burgundy;321;NOUVEAU
scratchy;321;NOUVEAU
veer;320;NOUVEAU
inspired;320;NOUVEAU
picked;320;NOUVEAU
smoothly;318;NOUVEAU
underripe;318;NOUVEAU
held;318;NOUVEAU
persistency;318;NOUVEAU
shines;317;NOUVEAU
fall;317;NOUVEAU
bland;317;NOUVEAU
sea;316;NOUVEAU
sensation;316;NOUVEAU
having;316;NOUVEAU
apart;316;NOUVEAU
softened;315;NOUVEAU
seven;315;NOUVEAU
average;315;NOUVEAU
lengthy;315;NOUVEAU
shine;315;NOUVEAU
integrate;315;NOUVEAU
step;315;NOUVEAU
mixes;314;NOUVEAU
dilute;314;NOUVEAU
yes;314;NOUVEAU
providing;313;NOUVEAU
peak;312;NOUVEAU
amounts;312;NOUVEAU
blossoms;312;NOUVEAU
prime;312;NOUVEAU
dose;312;NOUVEAU
know;312;NOUVEAU
blush;311;NOUVEAU
clearly;311;NOUVEAU
crowd;310;NOUVEAU
surprising;310;NOUVEAU
beauty;310;NOUVEAU
bubbles;310;NOUVEAU
muscat;310;NOUVEAU
cookie;310;NOUVEAU
yielding;310;NOUVEAU
honest;310;NOUVEAU
asti;310;NOUVEAU
evolved;308;NOUVEAU
day;307;NOUVEAU
plays;307;NOUVEAU
since;306;NOUVEAU
exciting;306;NOUVEAU
unfold;305;NOUVEAU
ideal;305;NOUVEAU
gracefully;305;NOUVEAU
worthy;305;NOUVEAU
cabernets;305;NOUVEAU
alternative;305;NOUVEAU
meld;304;NOUVEAU
smell;304;NOUVEAU
market;304;NOUVEAU
delicacy;304;NOUVEAU
effervescence;304;NOUVEAU
paired;303;NOUVEAU
sunny;303;NOUVEAU
pick;303;NOUVEAU
stem;303;NOUVEAU
enjoyment;302;NOUVEAU
pop;302;NOUVEAU
soy;302;NOUVEAU
barbaresco;302;NOUVEAU
flabby;301;NOUVEAU
tense;301;NOUVEAU
montalcino;301;NOUVEAU
powered;300;NOUVEAU
spot;300;NOUVEAU
sicilian;300;NOUVEAU
proportion;298;NOUVEAU
hickory;298;NOUVEAU
attention;298;NOUVEAU
resulting;298;NOUVEAU
tremendous;297;NOUVEAU
seemingly;297;NOUVEAU
captures;297;NOUVEAU
doles;296;NOUVEAU
brightness;296;NOUVEAU
aromatically;296;NOUVEAU
represents;296;NOUVEAU
site;295;NOUVEAU
choppy;295;NOUVEAU
crust;294;NOUVEAU
noticeable;294;NOUVEAU
wash;294;NOUVEAU
alcoholic;294;NOUVEAU
properly;294;NOUVEAU
granite;293;NOUVEAU
malolactic;293;NOUVEAU
experience;293;NOUVEAU
chilled;293;NOUVEAU
breathing;293;NOUVEAU
cheesy;292;NOUVEAU
vein;292;NOUVEAU
imparts;292;NOUVEAU
soave;292;NOUVEAU
moscato;292;NOUVEAU
subtlety;292;NOUVEAU
watermelon;291;NOUVEAU
malvasia;291;NOUVEAU
settle;291;NOUVEAU
inexpensive;291;NOUVEAU
ageable;291;NOUVEAU
begin;291;NOUVEAU
actually;291;NOUVEAU
mousse;290;NOUVEAU
unbalanced;290;NOUVEAU
snap;290;NOUVEAU
flint;289;NOUVEAU
packs;289;NOUVEAU
odd;289;NOUVEAU
corn;289;NOUVEAU
mealy;289;NOUVEAU
muted;288;NOUVEAU
allow;287;NOUVEAU
cider;287;NOUVEAU
adequate;287;NOUVEAU
cooler;286;NOUVEAU
deals;286;NOUVEAU
mesquite;286;NOUVEAU
fried;285;NOUVEAU
surface;285;NOUVEAU
hefty;284;NOUVEAU
interpretation;283;NOUVEAU
course;283;NOUVEAU
needed;283;NOUVEAU
steady;282;NOUVEAU
overlay;282;NOUVEAU
cantaloupe;282;NOUVEAU
spine;282;NOUVEAU
oxidized;282;NOUVEAU
zealand;282;NOUVEAU
graham;281;NOUVEAU
jerky;281;NOUVEAU
playful;280;NOUVEAU
reduced;280;NOUVEAU
calls;280;NOUVEAU
showcases;280;NOUVEAU
piercing;280;NOUVEAU
begins;279;NOUVEAU
clumsy;279;NOUVEAU
fills;279;NOUVEAU
integrity;279;NOUVEAU
starting;278;NOUVEAU
incredibly;278;NOUVEAU
animal;278;NOUVEAU
extraordinarily;278;NOUVEAU
backdrop;277;NOUVEAU
obviously;277;NOUVEAU
sipping;277;NOUVEAU
either;277;NOUVEAU
older;277;NOUVEAU
cedary;276;NOUVEAU
touriga;276;NOUVEAU
said;276;NOUVEAU
company;276;NOUVEAU
available;275;NOUVEAU
carignan;275;NOUVEAU
styled;275;NOUVEAU
missing;275;NOUVEAU
definite;275;NOUVEAU
rum;275;NOUVEAU
cracked;274;NOUVEAU
elaborate;274;NOUVEAU
smoothness;274;NOUVEAU
melony;274;NOUVEAU
anywhere;274;NOUVEAU
spent;273;NOUVEAU
outstanding;273;NOUVEAU
apparent;273;NOUVEAU
jumpy;273;NOUVEAU
controlled;273;NOUVEAU
reflects;273;NOUVEAU
douro;273;NOUVEAU
picks;273;NOUVEAU
robles;273;NOUVEAU
looking;273;NOUVEAU
burgers;273;NOUVEAU
else;273;NOUVEAU
people;272;NOUVEAU
refreshingly;272;NOUVEAU
saucy;271;NOUVEAU
selections;271;NOUVEAU
delightful;271;NOUVEAU
strength;271;NOUVEAU
bulky;271;NOUVEAU
ahead;270;NOUVEAU
yields;270;NOUVEAU
oregano;270;NOUVEAU
cutting;270;NOUVEAU
hugely;270;NOUVEAU
marzipan;269;NOUVEAU
sensations;269;NOUVEAU
ride;269;NOUVEAU
shot;269;NOUVEAU
intricate;269;NOUVEAU
define;269;NOUVEAU
expected;268;NOUVEAU
consumed;268;NOUVEAU
satisfy;268;NOUVEAU
ribs;268;NOUVEAU
stuffing;268;NOUVEAU
settles;267;NOUVEAU
water;267;NOUVEAU
overdone;267;NOUVEAU
appears;267;NOUVEAU
deliver;267;NOUVEAU
date;267;NOUVEAU
exceptionally;267;NOUVEAU
dolcetto;266;NOUVEAU
turned;265;NOUVEAU
foamy;265;NOUVEAU
clay;265;NOUVEAU
seamless;265;NOUVEAU
house;265;NOUVEAU
complicated;264;NOUVEAU
running;264;NOUVEAU
compote;263;NOUVEAU
distant;263;NOUVEAU
contains;262;NOUVEAU
funk;262;NOUVEAU
bears;262;NOUVEAU
stunning;262;NOUVEAU
stewy;262;NOUVEAU
group;262;NOUVEAU
llc;262;NOUVEAU
tarry;261;NOUVEAU
tension;261;NOUVEAU
spiciness;260;NOUVEAU
dusted;260;NOUVEAU
blancs;260;NOUVEAU
contrast;260;NOUVEAU
pomegranates;260;NOUVEAU
strange;260;NOUVEAU
valpolicella;260;NOUVEAU
presence;259;NOUVEAU
characterized;259;NOUVEAU
san;258;NOUVEAU
puts;258;NOUVEAU
type;258;NOUVEAU
rooty;258;NOUVEAU
dusting;258;NOUVEAU
solidly;257;NOUVEAU
garnet;257;NOUVEAU
famous;257;NOUVEAU
amazing;257;NOUVEAU
layering;256;NOUVEAU
sometimes;256;NOUVEAU
restraint;255;NOUVEAU
nervy;255;NOUVEAU
signs;255;NOUVEAU
vital;254;NOUVEAU
marsanne;254;NOUVEAU
pushes;254;NOUVEAU
field;254;NOUVEAU
various;253;NOUVEAU
zingy;253;NOUVEAU
truly;253;NOUVEAU
warmer;253;NOUVEAU
chards;253;NOUVEAU
fancy;252;NOUVEAU
source;251;NOUVEAU
designate;251;NOUVEAU
recent;251;NOUVEAU
persistence;251;NOUVEAU
fast;251;NOUVEAU
murky;251;NOUVEAU
enjoyed;250;NOUVEAU
series;250;NOUVEAU
trace;250;NOUVEAU
brimming;250;NOUVEAU
definition;250;NOUVEAU
loses;249;NOUVEAU
lovers;249;NOUVEAU
grounds;249;NOUVEAU
okay;249;NOUVEAU
delivering;248;NOUVEAU
familiar;248;NOUVEAU
thus;248;NOUVEAU
secondary;247;NOUVEAU
cough;247;NOUVEAU
bigger;247;NOUVEAU
holding;247;NOUVEAU
fascinating;247;NOUVEAU
road;246;NOUVEAU
enriched;246;NOUVEAU
varietally;245;NOUVEAU
generally;245;NOUVEAU
piquant;245;NOUVEAU
tad;244;NOUVEAU
topped;244;NOUVEAU
herbaceousness;244;NOUVEAU
grapey;244;NOUVEAU
upscale;244;NOUVEAU
money;244;NOUVEAU
surprise;244;NOUVEAU
sprinkled;244;NOUVEAU
property;243;NOUVEAU
framework;243;NOUVEAU
muddled;243;NOUVEAU
excessive;242;NOUVEAU
says;242;NOUVEAU
tradition;242;NOUVEAU
whites;241;NOUVEAU
lineup;241;NOUVEAU
producers;241;NOUVEAU
explodes;241;NOUVEAU
confected;241;NOUVEAU
deliciousness;240;NOUVEAU
compared;240;NOUVEAU
distinctly;240;NOUVEAU
muscle;239;NOUVEAU
matched;239;NOUVEAU
florals;239;NOUVEAU
classically;239;NOUVEAU
pickled;239;NOUVEAU
saline;238;NOUVEAU
combining;238;NOUVEAU
flowery;238;NOUVEAU
flinty;238;NOUVEAU
nacional;238;NOUVEAU
fiery;238;NOUVEAU
floods;238;NOUVEAU
compost;237;NOUVEAU
left;237;NOUVEAU
noirs;237;NOUVEAU
fading;237;NOUVEAU
basically;237;NOUVEAU
powerfully;236;NOUVEAU
levels;236;NOUVEAU
category;236;NOUVEAU
alba;236;NOUVEAU
clarity;236;NOUVEAU
volume;236;NOUVEAU
acacia;236;NOUVEAU
chops;236;NOUVEAU
wants;236;NOUVEAU
emphasis;236;NOUVEAU
olives;236;NOUVEAU
must;236;NOUVEAU
measured;235;NOUVEAU
rise;235;NOUVEAU
stones;235;NOUVEAU
understated;235;NOUVEAU
coat;234;NOUVEAU
hollow;234;NOUVEAU
frankly;234;NOUVEAU
lake;233;NOUVEAU
meant;233;NOUVEAU
chinese;233;NOUVEAU
seamlessly;232;NOUVEAU
signature;232;NOUVEAU
surrounded;232;NOUVEAU
weedy;231;NOUVEAU
firmness;231;NOUVEAU
grainy;231;NOUVEAU
skinned;230;NOUVEAU
needing;230;NOUVEAU
state;230;NOUVEAU
deal;230;NOUVEAU
poultry;230;NOUVEAU
brioche;230;NOUVEAU
tell;230;NOUVEAU
appreciate;230;NOUVEAU
overtly;230;NOUVEAU
remaining;229;NOUVEAU
please;229;NOUVEAU
pushing;229;NOUVEAU
waft;229;NOUVEAU
genuine;229;NOUVEAU
maintains;228;NOUVEAU
grapy;228;NOUVEAU
sons;228;NOUVEAU
developed;227;NOUVEAU
verde;227;NOUVEAU
tons;226;NOUVEAU
semi;226;NOUVEAU
amber;226;NOUVEAU
stiff;226;NOUVEAU
earthier;225;NOUVEAU
overt;225;NOUVEAU
recalls;225;NOUVEAU
staying;225;NOUVEAU
abound;225;NOUVEAU
canned;225;NOUVEAU
syrahs;225;NOUVEAU
roll;225;NOUVEAU
sits;224;NOUVEAU
burgundian;224;NOUVEAU
uncomplicated;224;NOUVEAU
getting;224;NOUVEAU
indigenous;224;NOUVEAU
impresses;224;NOUVEAU
premier;223;NOUVEAU
push;223;NOUVEAU
elevated;223;NOUVEAU
possible;223;NOUVEAU
control;223;NOUVEAU
nor;222;NOUVEAU
stays;222;NOUVEAU
perfumes;222;NOUVEAU
explosive;222;NOUVEAU
vermentino;222;NOUVEAU
vinho;222;NOUVEAU
naturally;222;NOUVEAU
disjointed;222;NOUVEAU
producing;221;NOUVEAU
lip;221;NOUVEAU
fragrance;221;NOUVEAU
featuring;221;NOUVEAU
remain;221;NOUVEAU
using;221;NOUVEAU
extraordinary;221;NOUVEAU
thai;220;NOUVEAU
particular;220;NOUVEAU
wineries;220;NOUVEAU
risotto;220;NOUVEAU
swirl;219;NOUVEAU
tannat;219;NOUVEAU
blow;219;NOUVEAU
word;219;NOUVEAU
australian;219;NOUVEAU
finger;219;NOUVEAU
called;218;NOUVEAU
fashioned;218;NOUVEAU
complement;218;NOUVEAU
losing;218;NOUVEAU
beaujolais;218;NOUVEAU
horse;218;NOUVEAU
monterey;218;NOUVEAU
managed;217;NOUVEAU
blackcurrant;217;NOUVEAU
problem;217;NOUVEAU
pulpy;217;NOUVEAU
served;217;NOUVEAU
detail;216;NOUVEAU
picture;216;NOUVEAU
gripping;216;NOUVEAU
columbia;216;NOUVEAU
aren;216;NOUVEAU
importers;216;NOUVEAU
cava;215;NOUVEAU
mulberry;215;NOUVEAU
lick;215;NOUVEAU
current;215;NOUVEAU
cardamom;214;NOUVEAU
accompanied;214;NOUVEAU
musky;214;NOUVEAU
meaning;214;NOUVEAU
creating;214;NOUVEAU
origins;213;NOUVEAU
basil;213;NOUVEAU
sulfur;213;NOUVEAU
local;212;NOUVEAU
powdered;212;NOUVEAU
salt;212;NOUVEAU
force;212;NOUVEAU
fuller;212;NOUVEAU
sports;212;NOUVEAU
greens;212;NOUVEAU
bomb;212;NOUVEAU
consumption;212;NOUVEAU
soapy;212;NOUVEAU
jagged;212;NOUVEAU
structural;212;NOUVEAU
track;212;NOUVEAU
spectrum;211;NOUVEAU
del;211;NOUVEAU
ranging;211;NOUVEAU
currently;211;NOUVEAU
marshmallow;211;NOUVEAU
sausage;211;NOUVEAU
deeper;210;NOUVEAU
build;210;NOUVEAU
lactic;210;NOUVEAU
percentage;209;NOUVEAU
ash;209;NOUVEAU
exactly;209;NOUVEAU
austerity;209;NOUVEAU
superiore;209;NOUVEAU
creates;208;NOUVEAU
woven;208;NOUVEAU
verve;208;NOUVEAU
historic;208;NOUVEAU
labeled;208;NOUVEAU
thickly;208;NOUVEAU
lodi;208;NOUVEAU
bianco;208;NOUVEAU
fortunately;208;NOUVEAU
sees;207;NOUVEAU
drive;207;NOUVEAU
garrigue;207;NOUVEAU
brims;207;NOUVEAU
pleasurable;207;NOUVEAU
sources;206;NOUVEAU
acre;206;NOUVEAU
leaner;206;NOUVEAU
gamy;206;NOUVEAU
island;206;NOUVEAU
describe;206;NOUVEAU
ton;206;NOUVEAU
poise;206;NOUVEAU
clone;205;NOUVEAU
driving;205;NOUVEAU
charcoal;205;NOUVEAU
sugared;205;NOUVEAU
spain;205;NOUVEAU
likable;205;NOUVEAU
record;205;NOUVEAU
twist;204;NOUVEAU
beet;204;NOUVEAU
vibrancy;204;NOUVEAU
consumers;204;NOUVEAU
mangoes;204;NOUVEAU
gain;203;NOUVEAU
quaffer;203;NOUVEAU
graceful;203;NOUVEAU
fabulous;203;NOUVEAU
distinguished;203;NOUVEAU
soils;202;NOUVEAU
grain;202;NOUVEAU
quaffable;202;NOUVEAU
growing;202;NOUVEAU
spritz;202;NOUVEAU
acceptable;202;NOUVEAU
aglianico;202;NOUVEAU
